playerID,retroID,kscore,totalgames,totalhits,totalwins,totalER,totalinnings,totalERA,Strikeouts
aardsda01,aardd001,7.4732759700,97,73,2,39,89,3.9438,86
abadfe01,abadf001,7.0531695400,127,141,1,62,120,4.6500,97
accarje01,accaj001,4.9489134900,63,97,3,50,80,5.6250,55
aceveal01,aceva001,4.2102227400,145,216,19,107,245,3.9306,181
acostma01,acosm001,6.3509407900,130,128,8,65,132,4.4318,134
adamsmi03,adamm001,7.6951500400,234,171,15,55,214,2.3131,215
affelje01,affej001,5.4398182900,226,187,9,74,207,3.2174,176
alberma01,albem001,4.7516042300,237,243,15,110,262,3.7786,196
albural01,albua001,9.6031777600,102,66,10,35,105,3.0000,155
allenco01,allec002,8.7959198900,104,91,6,31,99,2.8182,115
alvarhe01,alvah001,2.1325679500,58,370,15,167,352,4.2699,176
ambrihe01,ambrh001,6.6605479000,95,132,3,62,103,5.4175,86
anderbr04,andeb004,5.0044166700,54,278,15,112,274,3.6788,207
arredjo01,arrej001,7.2232546700,119,93,10,39,113,3.1062,110
arrieja01,arrij001,4.9871662700,78,402,24,238,407,5.2629,314
arroybr01,arrob001,3.4532756000,129,823,52,374,816,4.1250,482
atchisc01,atchs001,4.9794171600,152,176,8,72,186,3.4839,122
avilalu01,avill001,3.4301655700,106,67,6,19,101,1.6931,71
axforjo01,axfoj001,9.0573682200,274,235,22,97,264,3.3068,320
ayalalu01,ayall001,6.4247603500,157,170,9,47,162,2.6111,112
badenbu01,badeb001,4.6360622600,232,252,9,104,254,3.6850,182
bailean01,baila001,5.3848202000,138,112,5,47,132,3.2045,136
baileho02,bailh001,9.0205577500,106,632,37,285,655,3.9160,573
bakersc02,bakes002,8.4012325900,55,321,20,138,319,3.8934,277
balesco01,balec001,7.0270183500,51,67,3,37,74,4.5000,74
balfogr01,balfg001,8.6713680300,259,176,11,70,252,2.5000,259
bardda01,bardd001,7.9039562200,162,152,8,85,206,3.7136,189
bassan01,bassa001,4.4416965500,75,181,4,85,186,4.1129,135
bastaan01,basta001,10.5135990400,202,120,13,62,168,3.3214,224
batismi01,batim001,4.7947499100,128,178,7,85,193,3.9637,122
beatope01,beatp001,4.6355059500,81,82,4,45,87,4.6552,56
beavabl01,beavb001,8.5104546800,53,320,16,148,287,4.6411,136
beckejo02,beckj002,7.0547166300,87,521,26,257,533,4.3396,464
bedarer01,bedae001,6.5698765500,80,396,16,199,403,4.4442,381
beimejo01,beimj001,5.1288740100,106,80,2,32,69,4.1739,38
belisma01,belim001,6.8349609200,302,328,25,124,316,3.5316,280
belisro01,belir001,5.6365077800,204,171,16,81,193,3.7772,156
bellhe01,bellh001,7.0612051200,273,251,18,98,259,3.4054,268
benoijo01,benoj001,9.1168113000,268,183,14,73,258,2.5465,295
berkeja01,berkj001,5.9387322500,86,156,4,61,128,4.2891,97
betanra01,betar001,9.8097049600,232,177,10,76,209,3.2727,246
billich01,billc001,8.0160220400,90,525,34,227,540,3.7833,457
blackni01,blacn001,2.2079008400,73,520,21,252,407,5.5725,186
blantjo01,blanj001,6.4172004400,99,645,22,306,538,5.1190,443
blevije01,blevj001,6.1623221300,219,170,12,68,200,3.0600,178
boggsmi01,boggm001,6.3153048000,217,206,8,90,222,3.6486,174
bowdemi01,bowdm001,4.8895674600,94,103,1,48,110,3.9273,85
brachbr01,bracb001,8.3767529000,109,95,3,43,104,3.7212,117
braddza01,bradz001,8.1046471000,71,45,1,25,50,4.5000,59
braybi01,brayb001,5.3315623600,128,62,5,34,84,3.6429,81
breslcr01,bresc001,6.3303102000,266,223,12,81,254,2.8701,209
brothre01,brotr001,10.3745662200,195,147,11,55,174,2.8448,218
broxtjo01,broxj001,5.3318375500,172,162,12,66,161,3.6894,153
buchhcl01,buchc001,5.0497696900,87,480,46,194,552,3.1630,405
buehrma01,buehm001,3.8202697400,128,887,51,360,820,3.9512,472
bumgama01,bumgm001,5.9535125900,114,650,49,250,724,3.1077,667
burneaj01,burna001,7.2944536400,127,748,47,367,768,4.3008,707
burneal01,burna002,4.6295907900,177,178,8,90,169,4.7929,108
burnese01,burns001,5.6518703800,225,173,7,55,184,2.6902,159
burtoja01,burtj001,5.2566991700,145,108,5,45,130,3.1154,120
byrdati01,byrdt001,7.7602599900,200,97,6,50,109,4.1284,113
cahiltr01,cahit001,5.6620001500,122,696,51,310,749,3.7250,523
cainma01,cainm001,6.2300780700,128,693,49,299,847,3.1771,707
campsh01,camps002,4.9118665800,243,263,14,104,238,3.9328,145
cappsca01,cappc001,8.6427969900,71,98,3,47,83,5.0964,94
cappsma01,cappm001,5.7507562200,173,169,10,63,166,3.4157,111
capuach01,capuc001,6.6318338000,114,576,31,255,554,4.1426,465
carmofa01,carmf001,4.0319721800,100,589,26,292,562,4.6762,348
carpech01,carpc002,5.4142146900,72,473,27,182,487,3.3634,382
carpeda01,carpd001,6.2676711600,123,124,5,51,123,3.7317,134
carradj01,carrd001,4.6156170700,109,141,4,68,129,4.7442,95
cashnan01,casha001,6.3598891000,124,251,15,113,284,3.5810,238
cecilbr01,cecib001,5.8090974500,129,411,26,204,416,4.4135,325
cedenxa01,cedex001,4.9265001200,63,52,0,27,44,5.5227,45
chacijh01,chacj001,6.2627410200,104,550,37,238,596,3.5940,459
chambjo03,chamj002,7.4046477100,167,167,8,77,160,4.3313,161
chapmar01,chapa001,9.8895932600,205,105,15,53,197,2.4213,324
chatwty01,chatt001,3.0825325300,66,358,19,153,317,4.3438,181
chaveje01,chavj001,6.8251146000,103,165,8,102,150,6.1200,138
chenbr01,chenb001,5.7303909500,126,610,44,282,607,4.1812,413
chenwe02,chenw001,5.2842889000,55,328,19,148,329,4.0486,258
choatra01,choar001,6.2336647700,283,109,7,48,141,3.0638,137
cishest01,cishs001,8.3710923500,185,153,11,53,186,2.5645,200
clippty01,clipt001,8.6870140300,296,209,22,98,320,2.7563,373
cobbal01,cobba001,6.1853663100,54,299,25,125,331,3.3988,277
coffeto01,cofft001,5.7780668100,161,137,8,67,140,4.3071,120
cokeph01,cokep001,3.8040113700,237,299,12,128,264,4.3636,203
colemlo01,colel001,13.4390372500,117,104,4,42,138,2.7391,161
colliti01,collt001,8.2122459400,206,156,12,74,188,3.5426,205
collmjo01,collj001,7.0557371600,108,308,20,127,336,3.4018,265
colonba01,colob001,4.2813254500,83,526,36,187,506,3.3261,343
contrjo01,contj002,8.4721062700,108,84,7,40,87,4.1379,90
cookaa01,cooka002,3.6213780700,59,391,13,196,317,5.5647,130
cookry01,cookr001,8.2360768800,154,115,12,42,147,2.5714,154
corbipa01,corbp001,4.2357174100,54,306,20,133,315,3.8000,264
cordefr01,cordf002,4.7476908500,190,178,14,83,180,4.1500,132
cormila01,corml001,2.1511466500,69,90,4,42,74,5.1081,37
corpama01,corpm001,3.8029982300,135,156,4,79,149,4.7718,105
correke01,corrk001,3.8209804200,118,721,43,335,654,4.6101,382
cottsne01,cottn001,10.1648581900,58,36,8,7,56,1.1250,65
crainje01,craij001,10.7496343600,227,163,13,58,216,2.4167,238
crowaa01,crowa001,7.8163937400,187,158,14,62,172,3.2442,174
cruzju02,cruzj005,7.0075442100,104,84,6,34,88,3.4773,86
cruzrh01,cruzr001,3.4657413800,72,90,1,45,76,5.3289,56
cuetojo01,cuetj001,5.4886576300,99,555,45,201,616,2.9367,463
danksjo01,dankj001,5.5104696800,90,579,30,277,573,4.3508,416
darviyu01,darvy001,8.4086636000,61,301,29,149,400,3.3525,498
daviswa01,daviw001,5.9437804400,143,572,34,266,557,4.2980,419
defraju01,defrj001,7.1971307100,76,53,4,25,60,3.7500,53
delabst01,delas001,10.4065406300,122,101,10,51,130,3.5308,181
delarda01,delad001,8.8236103300,87,73,6,38,83,4.1205,78
delarjo01,delaj001,5.4316372400,63,340,29,156,356,3.9438,283
delcama01,delcm001,6.6837729100,57,45,3,29,52,5.0192,38
delroen01,delre001,3.5454821400,84,110,1,51,81,5.6667,46
dempsry01,dempr002,7.4968410700,128,734,45,352,760,4.1684,709
desseel01,desse001,2.7005578300,53,41,4,12,46,2.3478,16
detwiro01,detwr001,5.8012264000,69,338,17,130,330,3.5455,202
diamosc01,diams001,2.5058362300,58,398,19,169,340,4.4735,161
dickera01,dickr001,5.1319716100,128,766,53,307,840,3.2893,645
diekmja01,diekj001,9.7377684400,77,59,2,23,65,3.1846,76
dillati01,dillt001,5.2065418000,58,71,1,31,64,4.3594,56
doolise01,dools001,8.2902153900,114,93,7,40,116,3.1034,120
doteloc01,doteo001,8.5079536500,196,148,13,80,176,4.0909,203
doubrfe01,doubf001,6.2701791300,81,362,24,184,357,4.6387,335
downssc01,downs001,7.3357643400,252,174,16,54,201,2.4179,152
duensbr01,duenb001,4.9491143600,213,509,29,221,460,4.3239,318
dukeza01,dukez001,2.5823098800,84,363,13,166,277,5.3935,156
dunnmi01,dunnm002,7.2898733400,232,168,10,72,191,3.3927,214
durbich01,durbc001,7.8394577600,212,226,11,108,212,4.5849,187
edginjo01,edgij001,7.1352577100,68,45,2,25,53,4.2453,50
elbersc01,elbes001,6.4987289100,91,55,1,18,65,2.4923,63
eppleco01,epplc001,5.5397726300,71,61,2,29,55,4.7455,39
escaled01,escae001,6.2571019900,78,96,1,50,99,4.5455,71
estrama01,estrm001,9.2394216300,100,335,16,165,368,4.0353,362
farnsky01,farnk001,4.5413328700,205,165,12,70,184,3.4239,165
felicpe01,felip002,4.7778050600,117,77,3,28,73,3.4521,65
felizne01,felin001,5.1429669500,148,118,9,55,173,2.8613,166
fienca01,fienc001,6.3480830000,110,80,7,38,97,3.5258,105
fistedo01,fistd001,5.1948463900,119,765,41,293,754,3.4973,535
florera01,florr001,4.1542908700,58,32,2,11,30,3.3000,20
floydga01,floyg001,6.3695994400,96,572,34,273,571,4.3030,471
francfr01,franf001,7.4647311000,166,149,9,71,150,4.2600,166
francje01,franj003,4.1469675900,98,577,19,275,468,5.2885,297
frankry01,franr001,6.6093856200,80,101,7,51,92,4.9891,59
frasoja01,frasj002,6.9501290900,244,197,11,84,214,3.5327,223
frierer01,friee001,11.1982535400,226,159,9,71,227,2.8150,313
fulchje01,fulcj001,5.0547329600,89,90,3,51,81,5.6667,79
furbuch01,furbc001,6.5106244900,147,173,11,93,195,4.2923,200
gallayo01,gally001,5.9487228900,128,736,59,327,776,3.7925,755
garcifr02,garcf002,6.5046527200,101,518,35,241,490,4.4265,320
garcija01,garcj002,8.4810966900,231,167,23,54,218,2.2294,194
garcija02,garcj004,8.9084891200,89,551,38,201,533,3.3940,429
garlajo01,garlj001,4.9911375000,54,316,19,147,321,4.1215,196
garzama01,garzm001,5.7748176600,106,619,40,273,658,3.7340,579
gaudich01,gaudc001,7.6451945600,128,238,11,115,239,4.3305,208
gearrco01,gearc001,5.4819114800,77,64,3,33,69,4.3043,68
geedi01,gee-d001,5.3655280700,84,491,33,217,500,3.9060,370
gomesbr01,gomeb001,6.8930775200,81,68,7,36,72,4.5000,76
gomezje01,gomej002,5.3595564400,76,306,17,149,285,4.7053,165
gonzagi01,gonzg003,6.6727979700,129,664,63,279,795,3.1585,767
gonzami02,gonzm001,8.7670875800,207,158,3,75,162,4.1667,181
gorzeto01,gorzt001,8.0759987000,147,380,18,169,396,3.8409,359
grabojo02,grabj002,3.7726608300,86,102,4,54,87,5.5862,58
grayje02,grayj002,3.1128034100,86,122,7,63,108,5.2500,53
gregelu01,gregl001,6.7385753000,291,210,15,84,270,2.8000,259
greggke01,gregk001,3.2965609600,228,213,7,100,222,4.0541,204
greinza01,greiz001,6.5680040800,123,732,56,309,779,3.5700,730
grillja01,grilj001,13.0584035300,146,109,3,43,139,2.7842,201
guerrja01,guerj002,5.4423242800,101,96,4,33,101,2.9406,87
guerrma02,guerm001,3.0748868300,209,166,13,80,190,3.7895,131
guthrje01,guthj001,4.3867886700,132,848,43,380,808,4.2327,461
gutieju01,gutij002,6.0937498000,131,133,1,69,129,4.8140,115
hagadni01,hagan001,7.0874010300,72,54,2,42,67,5.6418,67
hallaro01,hallr001,5.6191824800,103,649,55,254,701,3.2611,622
hamelco01,hamec001,6.9832114200,129,749,51,299,859,3.1327,823
hammeja01,hammj002,7.4995734700,108,635,32,307,604,4.5745,444
hanrajo01,hanrj001,11.0056471800,214,164,10,68,203,3.0148,233
hansoto01,hanst001,7.5736844100,102,554,38,258,579,4.0104,532
happja01,happj001,7.1463006500,90,468,27,250,479,4.6973,425
haranaa01,haraa001,5.7270250100,107,634,35,293,603,4.3731,450
harenda01,hared001,6.2688935700,131,825,50,359,817,3.9547,701
harrelu01,harrl002,3.1653654000,85,416,18,203,387,4.7209,259
harrima01,harrm001,5.1418747700,102,484,35,199,486,3.6852,317
harriwi02,harrw002,6.7750106900,81,77,5,33,69,4.3043,72
hawkila01,hawkl001,5.6240655800,190,187,8,68,175,3.4971,124
hawksbl01,hawkb001,2.9365669100,94,158,6,74,142,4.6901,104
heilmaa01,heila001,4.4123948100,102,121,9,63,107,5.2991,88
hellije01,hellj001,3.8507341300,102,526,39,237,576,3.7031,409
hendeji01,hendj001,10.0057253800,97,70,6,30,89,3.0337,120
hendrma01,hendm001,3.1487707800,60,112,2,51,85,5.4000,60
henslcl01,hensc002,5.8852799200,165,166,13,83,191,3.9110,165
hernada01,hernd002,7.8066514100,249,219,20,114,278,3.6906,313
hernafe02,hernf002,7.8113759000,131,806,52,301,918,2.9510,893
hernali01,hernl003,3.2530141700,106,499,22,221,452,4.4004,261
herndda01,hernd003,3.4259856400,97,131,2,50,115,3.9130,76
herreda01,herrd001,5.7056219900,54,44,1,15,31,4.3548,19
herreke01,herrk001,6.3832535400,137,129,9,50,144,3.1250,151
herrmfr01,herrf001,4.7529782100,95,131,4,57,119,4.3109,72
hochelu01,hochl001,6.2964997300,139,545,30,291,555,4.7189,430
hollade01,holld003,6.7194330500,108,628,41,285,643,3.9891,550
hollagr01,hollg001,11.7248237600,196,158,14,57,210,2.4429,291
hoovejj01,hoovj002,5.4440749100,97,64,6,28,96,2.6250,98
horstje01,horsj001,4.7437011300,72,74,2,27,72,3.3750,70
howeljp01,howej003,7.4040932300,168,111,7,52,142,3.2958,122
hudsoti01,hudst001,4.6522201300,116,666,57,279,753,3.3347,494
hughedu01,hughd001,5.3479819900,72,78,2,38,68,5.0294,45
hugheja02,hughj001,4.2217250700,107,111,4,46,118,3.5085,83
hugheph01,hughp001,4.6052249500,110,612,43,303,586,4.6536,479
humbeph01,humbp001,5.7230544300,79,361,16,199,340,5.2676,253
hunteto02,huntt002,6.0353071900,144,458,30,205,430,4.2907,258
igarary01,igarr001,6.8417479200,83,81,5,52,72,6.5000,72
isrinja01,isrij001,6.9414880400,103,80,6,42,91,4.1538,75
iwakuhi01,iwakh001,9.2461884900,63,296,23,109,344,2.8517,286
jacksed01,jacke001,6.3518211500,126,809,40,370,770,4.3247,632
janseke01,jansk001,12.3901020900,216,123,12,52,220,2.1273,347
janssca01,jansc001,6.0853179300,229,204,16,75,238,2.8361,233
jenksbo01,jenkb001,8.0356087700,74,76,3,37,67,4.9701,78
jennida01,jennd003,4.0908062800,69,57,3,21,59,3.2034,46
jepseke01,jepsk001,4.5833669900,178,155,7,70,150,4.2000,141
jimenub01,jimeu001,7.9303826500,128,703,51,342,767,4.0130,731
johnsji04,johnj010,4.1246952100,240,239,12,79,255,2.7882,177
johnsjo09,johnj009,6.4250715400,84,479,24,195,515,3.4078,490
jonesna01,jonen001,5.1146927300,135,136,12,55,149,3.3221,154
jurrjja01,jurrj001,4.3828746900,56,343,23,151,323,4.2074,201
kazmisc01,kazms001,7.8654627300,58,325,19,175,308,5.1136,255
kellesh01,kells001,6.2711507600,136,123,9,53,121,3.9421,152
kellyjo05,kellj001,6.7480223400,61,236,15,79,230,3.0913,154
kendrky01,kendk001,3.9259554900,134,670,40,300,634,4.2587,369
kenneia01,kenni001,6.9711763400,129,745,52,345,803,3.8667,716
kershcl01,kersc001,9.4468922000,131,668,64,237,899,2.3726,921
kimbrcr01,kimbc001,14.7335417700,231,123,15,35,225,1.4000,381
kintzbr01,kintb001,5.3329220600,101,108,7,42,113,3.3451,96
kirkmmi01,kirkm001,6.5907753700,82,95,2,58,100,5.2200,100
kohnmi01,kohnm001,9.0536595800,101,73,3,37,85,3.9176,81
kontoge01,kontg001,5.6282123500,103,98,4,41,104,3.5481,97
kuoho01,kuo-h001,7.7415120000,96,53,4,35,86,3.6628,109
kurodhi01,kuroh001,6.4364247600,128,772,51,298,818,3.2787,637
lackejo01,lackj001,4.1512940100,90,615,36,293,563,4.6838,425
laffeaa01,laffa001,5.4945343200,103,247,9,112,219,4.6027,115
lannajo01,lannj001,3.2626104300,78,488,25,209,433,4.3441,232
latosma01,latom001,6.5958512400,127,694,51,290,797,3.2748,746
leagubr01,leagb001,3.4546994200,267,257,18,106,264,3.6136,183
leakemi01,leakm001,5.2525914900,114,711,42,300,675,4.0000,447
leblawa01,leblw001,3.9661981300,82,384,16,171,347,4.4352,237
lecursa01,lecus001,8.1806156300,169,203,9,94,242,3.4959,237
leecl02,lee-c003,7.0896813800,121,792,49,282,875,2.9006,852
lerouch01,leroc001,5.2190399100,58,69,1,35,61,5.1639,61
lestejo01,lestj001,6.0339723600,129,758,58,348,816,3.8382,750
lewisco01,lewic001,7.3880319600,80,460,32,221,504,3.9464,458
lidgebr01,lidgb001,8.5356097800,86,60,1,28,73,3.4521,85
lillyte01,lillt001,7.4562643000,76,400,27,193,455,3.8176,373
linceti01,linct001,6.5905106700,131,737,49,350,810,3.8889,834
lincobr01,lincb001,6.1707418400,97,228,9,114,217,4.7281,167
lindbjo01,lindj004,4.5614778600,109,117,5,56,130,3.8769,119
lindsma01,lindm001,4.3144614300,243,229,7,79,213,3.3380,165
linebsc01,lines001,6.5632189900,116,117,7,50,111,4.0541,94
liriafr01,lirif001,5.9741006700,117,586,45,300,641,4.2122,643
loeka01,loe-k001,3.9107587800,215,237,15,102,223,4.1166,177
loganbo02,logab001,8.6561088600,256,158,19,66,174,3.4138,202
lohseky01,lohsk001,6.6513215900,113,695,45,279,688,3.6497,433
lopezja02,lopej002,6.2715151700,286,159,16,49,184,2.3967,143
lopezro01,loper001,4.2596219500,63,351,13,163,302,4.8576,172
lopezwi01,lopew001,5.2369672900,280,287,16,94,277,3.0542,208
loupaa01,loupa001,3.4569772100,97,92,4,28,99,2.5455,74
lowede01,lowed001,4.7226135000,114,612,35,285,535,4.7944,336
lowema01,lowem002,4.6759157700,113,110,4,54,108,4.5000,89
luebkco01,luebc001,11.1654219700,55,150,10,68,187,3.2727,195
luetglu01,luetl001,4.0249206000,98,79,3,38,77,4.4416,65
lylesjo01,lylej001,4.1856888800,72,431,14,224,376,5.3617,259
lynnla01,lynnl001,8.2692756500,86,382,34,175,411,3.8321,418
lyonbr01,lyonb003,5.7377855800,198,194,15,84,184,4.1087,146
macdomi01,macdm001,5.0782880900,93,86,4,33,80,3.7125,59
machije01,machj002,6.4587595400,59,53,3,19,58,2.9483,55
madsory01,madsr001,8.8022159000,117,96,10,31,112,2.4911,126
maholpa01,mahop002,5.0817237500,116,735,38,323,688,4.2253,444
marcush01,marcs001,5.4513068700,99,557,34,255,597,3.8442,492
marmoca01,marmc001,10.8323652000,265,174,9,100,254,3.5433,368
marquja01,marqj001,4.3592293500,78,487,27,235,433,4.8845,270
marshse01,marss002,9.0699898300,247,183,18,60,219,2.4658,253
martevi01,martv002,4.6133963000,74,93,6,54,70,6.9429,57
marticr01,martc005,6.2169332400,120,169,6,77,177,3.9153,145
masseni01,massn001,5.6890153600,157,140,7,58,146,3.5753,147
masteju01,mastj001,5.6726884800,134,776,43,358,794,4.0579,652
matsuda01,matsd001,6.3256318500,51,259,16,163,273,5.3736,233
matthry01,mattr001,3.3098311200,138,135,7,56,133,3.7895,75
mazzavi01,mazzv001,3.5784084300,106,289,19,135,266,4.5677,161
mccarbr01,mccab001,2.6605265400,65,444,22,171,416,3.6995,272
mccleky01,mcclk001,5.3345956000,134,224,13,104,243,3.8519,150
mccutda01,mccud001,4.0779324300,102,171,7,83,151,4.9470,85
mcdonja03,mcdoj004,6.2809714600,82,422,27,211,441,4.3061,386
mcgeeja01,mcgej001,10.0603604200,185,117,15,55,150,3.3000,181
meekev01,meeke001,4.4559869100,106,94,6,36,111,2.9189,95
melanma01,melam001,5.0335969700,206,189,13,75,211,3.1991,199
mendolu01,mendl001,3.0414251400,58,303,12,146,277,4.7437,166
mijarjo01,mijaj001,6.9661366900,243,204,4,76,185,3.6973,169
mileywa01,milew001,5.0373972100,73,442,30,172,436,3.5505,316
millean01,milla002,7.2439998700,116,181,11,95,166,5.1506,177
milletr02,millt002,6.9096768700,105,55,0,25,54,4.1667,34
millwke01,millk004,4.2416592100,68,449,14,208,404,4.6337,275
milonto01,milot001,5.7869275600,64,395,26,162,371,3.9299,278
minormi01,minom001,6.1278423800,86,474,32,220,505,3.9208,446
moorema02,moorm003,8.0259504800,61,286,29,133,336,3.5625,333
moralfr01,moraf001,4.4179144900,142,156,6,84,174,4.3448,166
morribr01,morrb002,8.2155356600,60,59,5,26,70,3.3429,43
morrobr01,morrb001,8.0262286600,87,459,33,242,503,4.3300,531
mortecl01,mortc003,6.1807363600,67,125,4,61,136,4.0368,99
mortoch02,mortc002,4.1531503700,75,473,21,208,415,4.5108,279
moscogu01,moscg001,4.0450261800,60,191,13,101,207,4.3913,154
motagu01,motag001,4.9987359000,134,144,3,72,154,4.2078,139
motteja01,mottj001,9.4672600600,201,139,13,52,192,2.4375,203
moylape01,moylp001,4.7978666800,120,91,10,36,91,3.5604,70
mujiced01,mujie001,7.0324831900,261,239,13,95,274,3.1204,228
myersbr01,myerb001,5.4260690000,141,532,24,228,523,3.9235,393
narvech01,narvc001,5.0608532400,71,343,24,180,337,4.8071,268
nathajo01,nathj001,6.9134084700,181,129,11,54,172,2.8256,194
neshepa01,neshp001,5.6202248800,105,76,5,34,92,3.3261,74
nicasju01,nicaj001,5.4234740100,55,313,15,157,285,4.9579,231
niemaje01,niemj001,5.5779351600,61,320,25,159,346,4.1358,270
niesejo01,niesj001,7.2592940800,111,702,41,289,663,3.9231,546
noesihe01,noesh001,5.5754471300,64,212,4,117,189,5.5714,134
nolasri01,nolar001,4.8491978900,124,822,49,363,751,4.3502,585
norbejo01,norbj001,10.0258608400,78,61,4,35,77,4.0909,65
norribu01,norrb001,9.0796228800,119,689,32,331,682,4.3680,646
novaiv01,novai001,7.0201149800,89,536,38,232,516,4.0465,393
odayda01,odayd001,5.8807951800,225,156,18,56,206,2.4466,191
oflaher01,oflae001,9.4908958000,217,155,11,36,192,1.6875,160
ogandal01,ogana001,6.0385158900,156,316,26,132,380,3.1263,303
ohlenro01,ohler001,4.1972485000,59,284,10,148,254,5.2441,190
ohmanwi01,ohmaw001,8.7162407700,159,116,1,59,121,4.3884,110
okajihi01,okajh001,4.0763991000,68,73,5,28,58,4.3448,40
oliveda02,olivd001,6.4126629000,237,190,12,64,216,2.6667,201
ondrulo01,ondrl001,4.7400209400,241,208,18,92,228,3.6316,172
oswalro01,oswar001,4.5351542300,82,443,26,191,439,3.9157,379
ottavad01,ottaa001,7.9907326000,109,186,6,84,178,4.2472,171
outmajo01,outmj001,10.4912501500,101,165,7,87,152,5.1513,128
owingmi01,owinm001,6.0535391100,61,92,11,48,105,4.1143,86
padilvi01,padiv001,7.8938954000,81,145,10,72,153,4.2353,144
papeljo01,papej001,13.0405023500,259,222,19,89,261,3.0690,312
parkch01,parkc002,5.5602845700,53,65,4,33,63,4.7143,52
parkebl01,parkb001,13.6628638500,56,49,1,18,52,3.1154,61
parkeja02,parkj001,5.2488361200,62,348,25,157,378,3.7381,275
parnebo01,parnb001,7.3727977000,224,204,14,66,210,2.8286,202
parrama01,parrm001,7.3139775000,161,237,7,118,224,4.7411,246
paterjo01,patej001,4.1510347100,70,45,0,23,38,5.4474,30
pattotr01,pattt001,3.8018005100,131,128,5,48,140,3.0857,114
pauleda01,pauld001,5.3435028000,82,180,9,79,179,3.9721,101
paulife01,paulf001,6.6976532400,65,272,8,128,266,4.3308,255
pavanca01,pavac001,4.6288293000,76,569,28,240,504,4.2857,252
peavyja01,peavj001,4.7031847600,91,536,37,265,578,4.1263,503
pelfrmi01,pelfm001,4.9305765700,100,641,27,278,568,4.4049,332
penato03,penat003,4.8734803900,69,133,6,71,120,5.3250,73
pennybr01,pennb002,3.3449890600,62,327,14,146,263,4.9962,119
peraljo01,peraj002,8.8675097400,266,170,9,87,253,3.0949,268
perezch01,perec002,8.2487369200,242,191,11,83,233,3.2060,213
perezlu01,perel001,7.3186045200,78,116,5,56,110,4.5818,99
perezol01,pereo002,6.7589229400,111,131,4,64,127,4.5354,135
perezra01,perer002,5.7025100700,149,136,12,46,130,3.1846,73
perkigl01,perkg001,7.1910863500,209,184,10,67,214,2.8178,234
perryry01,perrr001,5.5276094000,103,106,6,56,106,4.7547,72
pestavi01,pestv001,10.4035985700,179,135,5,54,172,2.8256,205
pettian01,petta001,6.6942460900,63,386,27,148,388,3.4330,298
phelpda01,pheld001,4.6265921200,55,169,10,85,185,4.1351,175
porceri01,porcr001,3.0295657300,121,809,47,360,696,4.6552,437
priceda01,pricd001,6.0368075100,124,713,61,279,828,3.0326,762
purceda01,purcd001,6.1771853000,90,78,3,41,90,4.1000,77
putzjj01,putzj001,9.2015305900,217,153,13,57,200,2.5650,229
quallch01,qualc001,4.4814760700,273,278,16,126,245,4.6286,168
quintjo01,quinj001,5.8705095000,58,330,15,135,336,3.6161,245
ramirra02,ramir003,5.2624440200,199,173,7,80,204,3.5294,164
ramosaj01,ramoa001,8.9845164300,79,66,3,32,88,3.2727,99
ramosce01,ramoc001,6.1118935300,138,139,3,68,148,4.1351,122
rauchjo01,raucj001,7.0886532300,200,185,12,85,181,4.2265,139
raych01,ray-c001,3.1100617000,92,81,8,40,86,4.1860,53
reedad01,reeda001,5.3927318900,136,123,8,62,132,4.2273,138
resopch01,resoc001,6.1723698500,178,191,7,87,181,4.3260,164
reyesde01,reyed001,4.9808737000,63,36,3,18,39,4.1538,26
reynoma02,reynm002,6.3831542600,195,148,5,61,152,3.6118,141
rhodear01,rhoda001,7.8836150100,120,72,7,31,87,3.2069,71
richacl01,richc002,2.9265531300,96,603,35,265,570,4.1842,337
richaga01,richg002,5.1807952700,84,244,11,113,228,4.4605,157
riverma01,rivem002,7.1444548400,198,150,11,42,192,1.9688,167
roberda08,robed002,12.7831088600,269,202,15,67,253,2.3834,329
rodnefe01,rodnf001,8.1949057800,255,192,14,78,239,2.9372,237
rodrife02,rodrf004,8.4321388000,118,119,4,65,122,4.7951,135
rodrifr03,rodrf003,6.2072360700,252,219,15,84,245,3.0857,272
rodrihe03,rodrh002,4.1628137300,145,118,5,69,143,4.3427,146
rodrist02,rodrp001,8.9313865800,87,33,3,15,60,2.2500,69
rodriwa01,rodrw002,6.8303889300,108,628,40,263,651,3.6359,529
roenijo01,roenj001,3.7742235100,161,180,8,81,185,3.9405,129
rogeres01,rogee002,6.6133105500,157,439,16,228,367,5.5913,308
romerjc01,romej001,3.9588179000,112,79,2,38,71,4.8169,53
romerri01,romer002,4.8087061300,100,574,38,285,620,4.1371,481
romose01,romos001,9.2300371700,267,165,17,51,224,2.0491,261
rosentr01,roset001,12.7382205800,93,77,2,29,97,2.6907,133
rossro01,rossr002,8.7944040400,123,118,10,37,126,2.6429,105
rossty01,rosst001,7.8512698300,88,268,9,132,272,4.3676,221
runzlda01,runzd001,9.6410232300,78,59,4,30,59,4.5763,67
russeja02,russj003,5.5591474900,272,244,10,104,236,3.9661,177
rzepcma01,rzepm001,5.2395888800,193,195,7,91,200,4.0950,180
sabatcc01,sabac001,6.3122807500,127,847,69,350,883,3.5674,799
saitota01,saitt001,5.7798121400,102,79,6,32,92,3.1304,103
salasfe01,salaf001,7.0090369200,187,161,6,73,191,3.4398,186
salech01,salec001,7.2745523400,139,418,32,165,498,2.9819,529
samarje01,samaj001,7.4925913000,143,452,27,224,493,4.0892,490
sanchan01,sanca004,7.4722105300,124,735,44,293,768,3.4336,728
sanchbr01,sancb001,6.0038549300,106,107,6,50,130,3.4615,112
sanchjo01,sancj002,7.2234612000,73,329,18,190,371,4.6092,367
santaer01,sante001,7.0513130800,128,783,46,361,838,3.8771,641
santihe01,santh001,5.8906362300,78,192,8,85,219,3.4932,218
santose01,sants001,9.2007656400,154,111,7,52,144,3.2500,180
saundjo01,saunj001,4.0693012200,126,869,41,374,771,4.3658,441
schepta01,schet001,4.8026865700,115,105,7,32,108,2.6667,89
scherma01,schem001,9.8210783800,128,712,64,319,791,3.6296,829
schleda01,schld001,8.6483461300,73,70,4,33,72,4.1250,69
shawbr01,shawb001,7.4887089500,167,150,9,58,161,3.2422,138
sherrge01,sherg001,5.8420590400,118,85,5,43,73,5.3014,63
shielja02,shiej002,7.7746101600,134,864,57,364,906,3.6159,831
simonal01,simoa001,5.8745273200,171,315,17,136,311,3.9357,235
sippto01,sippt001,6.7250816500,258,175,12,97,216,4.0417,219
slatedo01,slatd001,8.6104356400,90,69,4,26,68,3.4412,55
sloweke01,slowk001,3.8379002800,64,356,16,163,305,4.8098,226
smithjo05,smitj002,6.1701456900,266,189,18,70,234,2.6923,184
smithjo06,smitj003,5.2837170000,54,77,3,34,61,5.0164,39
smylydr01,smyld001,6.5479826000,86,155,10,64,174,3.3103,175
sonnaan01,sonna001,4.4281937700,56,123,3,62,116,4.8103,62
soriajo01,sorij001,7.2032743800,152,131,7,50,148,3.0405,159
soriara01,sorir001,5.8662018900,243,189,10,70,234,2.6923,213
spencjo01,spenj001,9.4170016400,51,27,0,14,39,3.2308,41
stammcr01,stamc001,6.9529122200,156,302,18,122,307,3.5765,263
staufti01,staut001,4.7949461100,107,311,18,126,340,3.3353,258
storedr01,stord001,8.4971163700,232,192,17,84,221,3.4208,208
strasst01,stras001,9.0561674900,75,343,29,143,434,2.9654,504
streehu01,streh001,8.5225769500,204,162,9,69,199,3.1206,193
stroppe01,strop001,7.1018354000,174,129,9,64,153,3.7647,156
stulter01,stule002,4.3257521100,59,322,19,129,313,3.7093,193
stutemi01,stutm001,9.7674360000,79,70,9,38,83,4.1205,72
swarzan01,swara001,3.1298668900,119,306,10,134,293,4.1160,186
takahhi01,takah001,6.8180146300,168,226,14,108,242,4.0165,221
tallebr01,tallb001,3.8013085400,53,106,2,69,89,6.9775,63
tateyyo01,tatey001,4.3484166000,53,55,3,39,61,5.7541,61
tazawju01,tazaj001,6.9260172700,111,110,6,33,115,2.5826,121
tejedro01,tejer001,5.5592092100,63,67,3,29,68,3.8382,58
thatcjo01,thatj001,8.1654663100,210,101,5,36,114,2.8421,129
thayeda01,thayd001,7.2583781100,145,131,5,56,134,3.7612,118
thomabr01,thomb001,4.6424541800,61,94,6,41,80,4.6125,37
thompri03,thomr006,6.4870506200,60,64,3,25,75,3.0000,74
thornma01,thorm001,4.7976023000,257,211,11,83,226,3.3053,227
tillmch01,tillc001,6.7138059100,72,378,30,186,406,4.1232,322
torreca01,torrc001,3.8106566200,69,151,9,77,152,4.5592,130
troncra01,tronr001,5.0559168500,99,123,3,58,106,4.9245,66
ueharko01,uehak001,9.3129854000,218,128,7,47,219,1.9315,284
valdera02,valdr002,8.1355007700,95,133,7,75,134,5.0373,143
valvejo01,valvj001,4.7296268300,226,170,7,80,223,3.2287,199
vargaja01,vargj001,4.4285456400,120,755,42,336,760,3.9789,497
varvaan01,varva001,8.5889048100,96,105,4,45,116,3.4914,92
vasques01,vasqe001,4.8182222500,94,105,2,65,114,5.1316,89
vazquja01,vazqj001,5.3037469700,63,333,23,172,349,4.4355,283
vealdo01,veald001,7.2275486700,74,31,2,17,42,3.6429,48
ventejo01,ventj001,10.6237293800,230,175,15,57,229,2.2402,258
verasjo01,veraj001,8.1865609000,266,192,10,98,247,3.5709,272
verlaju01,verlj001,8.8358497800,134,768,72,305,931,2.9484,925
villabr02,villb002,3.8423715400,74,67,4,38,74,4.6216,86
villaca01,villc001,7.6371609200,168,381,22,191,411,4.1825,360
vinceni01,vincn001,8.6648755400,72,52,8,16,72,2.0000,77
vogelry01,voger001,5.7183208000,80,459,31,191,471,3.6497,364
volqued01,volqe001,5.5208843500,97,518,29,291,521,5.0269,487
volstch01,volsc001,4.0559949200,86,530,20,267,458,5.2467,283
wadeco01,wadec001,5.8528467400,79,79,7,37,78,4.2692,68
wagnebi02,wagnb001,16.4561052400,71,38,7,11,69,1.4348,104
wainwad01,waina001,7.3678240600,99,605,53,228,669,3.0673,616
wakefti01,waket001,3.2873163900,65,316,11,171,293,5.2526,177
waldejo01,waldj001,7.3653816800,173,136,12,57,160,3.2063,192
watsoto01,watst001,7.9853342800,178,122,10,57,165,3.1091,144
weaveje02,weavj003,6.4307555300,121,655,62,253,801,2.8427,690
webbry01,webbr001,4.4778350300,238,254,11,90,248,3.2661,173
wellsra01,wellr001,5.7163200200,67,385,16,184,357,4.6387,240
westbja01,westj001,4.2658937900,115,734,42,327,674,4.3665,382
wheelda01,wheed001,7.6472348200,123,100,4,54,109,4.4587,87
wilheto01,wilht001,7.3363338400,157,129,6,61,169,3.2485,162
willije02,willj003,4.2896934800,79,365,19,174,350,4.4743,233
wilsobr01,wilsb001,8.7955629700,147,124,11,37,143,2.3287,162
wilsocj01,wilsc004,7.2075291400,134,733,61,315,841,3.3710,737
wilsoju10,wilsj004,7.4380400000,66,60,6,18,77,2.1039,66
wolfra02,wolfr001,5.5836781300,97,623,31,286,584,4.4075,380
woodbl01,woodb004,5.7509935700,108,121,6,57,118,4.3475,94
woodke02,woodk002,7.6678188700,112,88,6,43,104,3.7212,112
woodtr01,woodt004,6.4527818700,97,499,26,240,561,3.8503,425
worleva01,worlv001,6.6226217700,63,360,19,147,324,4.0833,263
wrighja01,wrigj001,4.3086838000,238,249,10,103,261,3.5517,195
wrighwe01,wrigw001,6.2161256800,182,142,3,64,149,3.8658,149
wuertmi01,wuerm001,7.6469279400,87,72,2,44,72,5.5000,72
zagurmi01,zagum001,7.0466364600,64,60,0,45,52,7.7885,54
zambrca01,zambc001,5.0477454700,95,396,27,192,406,4.2562,313
zieglbr01,ziegb001,3.4627200800,285,222,20,73,257,2.5564,171
zimmejo02,zimmj003,7.0351992500,97,563,40,215,599,3.2304,465
zitoba01,zitob001,4.4773381300,109,594,32,297,569,4.6977,382
