playerID,retroID,kscore,totalER,totalinnings,totalERA
aardsda01,aardd001,7.4732759700,39,89,3.9438
abadfe01,abadf001,7.0531695400,62,120,4.6500
abreuju01,abrej002,19.3095628400,2,6,3.0000
accarje01,accaj001,4.9489134900,50,80,5.6250
aceveal01,aceva001,4.2102227400,107,245,3.9306
acostma01,acosm001,6.3509407900,65,132,4.4318
adamsmi03,adamm001,7.6951500400,55,214,2.3131
adcocna01,adcon001,3.7482490400,40,94,3.8298
affelje01,affej001,5.4398182900,74,207,3.2174
alberma01,albem001,4.7516042300,110,262,3.7786
albural01,albua001,9.6031777600,35,105,3.0000
allenco01,allec002,8.7959198900,31,99,2.8182
alvarhe01,alvah001,2.1325679500,167,352,4.2699
ambrihe01,ambrh001,6.6605479000,62,103,5.4175
anderbr04,andeb004,5.0044166700,112,274,3.6788
archech01,archc001,10.4177489800,61,157,3.4968
arredjo01,arrej001,7.2232546700,39,113,3.1062
arrieja01,arrij001,4.9871662700,238,407,5.2629
arroybr01,arrob001,3.4532756000,374,816,4.1250
atchisc01,atchs001,4.9794171600,72,186,3.4839
atilalu01,atill001,4.3570829700,49,85,5.1882
atkinmi01,atkim001,7.3500112300,17,19,8.0526
aumonph01,aumop001,7.4686738800,15,33,4.0909
avilalu01,avill001,3.4301655700,19,101,1.6931
axelrdy01,axeld001,4.7984330300,118,197,5.3909
axforjo01,axfoj001,9.0573682200,97,264,3.3068
ayalalu01,ayall001,6.4247603500,47,162,2.6111
badenbu01,badeb001,4.6360622600,104,254,3.6850
bailean01,baila001,5.3848202000,47,132,3.2045
baileho02,bailh001,9.0205577500,285,655,3.9160
bakersc02,bakes002,8.4012325900,138,319,3.8934
balesco01,balec001,7.0270183500,37,74,4.5000
balfogr01,balfg001,8.6713680300,70,252,2.5000
bardda01,bardd001,7.9039562200,85,206,3.7136
bassan01,bassa001,4.4416965500,85,186,4.1129
bastaan01,basta001,10.5135990400,62,168,3.3214
batismi01,batim001,4.7947499100,85,193,3.9637
bauertr01,bauet001,4.7202169900,21,33,5.7273
bautide01,bautd002,6.4443502800,14,33,3.8182
beachbr01,beacb001,7.3796528500,96,267,3.2360
beatope01,beatp001,4.6355059500,45,87,4.6552
beavabl01,beavb001,8.5104546800,148,287,4.6411
beckejo02,beckj002,7.0547166300,257,533,4.3396
bedarer01,bedae001,6.5698765500,199,403,4.4442
beimejo01,beimj001,5.1288740100,32,69,4.1739
belisma01,belim001,6.8349609200,124,316,3.5316
belisro01,belir001,5.6365077800,81,193,3.7772
bellhe01,bellh001,7.0612051200,98,259,3.4054
belowdu01,belod001,3.6155177700,37,77,4.3247
benoijo01,benoj001,9.1168113000,73,258,2.5465
bergju01,bergj002,2.3979455900,28,51,4.9412
berkeja01,berkj001,5.9387322500,61,128,4.2891
betanra01,betar001,9.8097049600,76,209,3.2727
billich01,billc001,8.0160220400,227,540,3.7833
blackni01,blacn001,2.2079008400,252,407,5.5725
blantjo01,blanj001,6.4172004400,306,538,5.1190
blevije01,blevj001,6.1623221300,68,200,3.0600
boggsmi01,boggm001,6.3153048000,90,222,3.6486
bondeje01,bondj001,2.9544658100,138,224,5.5446
bowdemi01,bowdm001,4.8895674600,48,110,3.9273
boxbebr01,boxbb001,8.6207115500,15,49,2.7551
brachbr01,bracb001,8.3767529000,43,104,3.7212
braddza01,bradz001,8.1046471000,25,50,4.5000
bradeda01,bradd002,7.2690087000,81,210,3.4714
braybi01,brayb001,5.3315623600,34,84,3.6429
breslcr01,bresc001,6.3303102000,81,254,2.8701
brittza01,britz001,4.3400916100,135,254,4.7835
brothre01,brotr001,10.3745662200,55,174,2.8448
broxtjo01,broxj001,5.3318375500,66,161,3.6894
buchhcl01,buchc001,5.0497696900,194,552,3.1630
buchhta01,bucht001,12.5582485400,14,35,3.6000
bucknbi02,buckb002,4.2299251700,25,29,7.7586
buehrma01,buehm001,3.8202697400,360,820,3.9512
buentja01,buenj001,7.1507771700,13,15,7.8000
bulgeja01,bulgj001,10.2815666300,14,32,3.9375
bumgama01,bumgm001,5.9535125900,250,724,3.1077
burkegr01,burkg001,8.5416822800,20,31,5.8065
burneaj01,burna001,7.2944536400,367,768,4.3008
burneal01,burna002,4.6295907900,90,169,4.7929
burnese01,burns001,5.6518703800,55,184,2.6902
burnsco01,burnc001,8.3880688900,15,29,4.6552
burtoja01,burtj001,5.2566991700,45,130,3.1154
bushda01,bushd001,7.2189709900,117,214,4.9206
byrdati01,byrdt001,7.7602599900,50,109,4.1284
cabreal03,cabra003,10.6757203400,16,27,5.3333
cahiltr01,cahit001,5.6620001500,310,749,3.7250
cainma01,cainm001,6.2300780700,299,847,3.1771
campsh01,camps002,4.9118665800,104,238,3.9328
cappsca01,cappc001,8.6427969900,47,83,5.0964
cappsma01,cappm001,5.7507562200,63,166,3.4157
capuach01,capuc001,6.6318338000,255,554,4.1426
carlsje01,carlj001,6.2495031300,7,13,4.8462
carmofa01,carmf001,4.0319721800,292,562,4.6762
carpean01,carpa001,8.0501104500,21,26,7.2692
carpech01,carpc002,5.4142146900,182,487,3.3634
carpech02,carpc003,7.3157323000,9,15,5.4000
carpeda01,carpd001,6.2676711600,51,123,3.7317
carpeda02,carpd002,7.5409215700,25,39,5.7692
carraca01,carrc003,4.2112082300,118,214,4.9626
carradj01,carrd001,4.6156170700,68,129,4.7442
carsoro01,carsr001,4.1151583200,25,32,7.0313
cashnan01,casha001,6.3598891000,113,284,3.5810
castial02,casta002,17.2228304500,15,21,6.4286
cecilbr01,cecib001,5.8090974500,204,416,4.4135
cedajo01,cedaj001,6.3616055000,15,28,4.8214
cedenxa01,cedex001,4.9265001200,27,44,5.5227
chacigu01,chacg001,7.8468731900,20,38,4.7368
chacijh01,chacj001,6.2627410200,238,596,3.5940
chambjo03,chamj002,7.4046477100,77,160,4.3313
chapmar01,chapa001,9.8895932600,53,197,2.4213
chatwty01,chatt001,3.0825325300,153,317,4.3438
chaveje01,chavj001,6.8251146000,102,150,6.1200
chenbr01,chenb001,5.7303909500,282,607,4.1812
chenwe02,chenw001,5.2842889000,148,329,4.0486
choatra01,choar001,6.2336647700,48,141,3.0638
chulkvi01,chulv001,19.0137491400,10,9,10.0000
cingrto01,cingt001,10.3332925900,35,109,2.8899
cishest01,cishs001,8.3710923500,53,186,2.5645
clippty01,clipt001,8.6870140300,98,320,2.7563
cobbal01,cobba001,6.1853663100,125,331,3.3988
coellro01,coelr001,9.0698314500,19,27,6.3333
coffeto01,cofft001,5.7780668100,67,140,4.3071
cokeph01,cokep001,3.8040113700,128,264,4.3636
colemca01,colec001,2.9329498100,106,164,5.8171
colemlo01,colel001,13.4390372500,42,138,2.7391
colliti01,collt001,8.2122459400,74,188,3.5426
collmjo01,collj001,7.0557371600,127,336,3.4018
colomje01,coloj001,8.2115060600,10,17,5.2941
colonba01,colob001,4.2813254500,187,506,3.3261
contrjo01,contj002,8.4721062700,40,87,4.1379
cookaa01,cooka002,3.6213780700,196,317,5.5647
cookry01,cookr001,8.2360768800,42,147,2.5714
corbipa01,corbp001,4.2357174100,133,315,3.8000
cordefr01,cordf002,4.7476908500,83,180,4.1500
cormila01,corml001,2.1511466500,42,74,5.1081
corpama01,corpm001,3.8029982300,79,149,4.7718
correke01,corrk001,3.8209804200,335,654,4.6101
corteda02,cortd002,4.7382871600,9,15,5.4000
cottsne01,cottn001,10.1648581900,7,56,1.1250
crainje01,craij001,10.7496343600,58,216,2.4167
crowaa01,crowa001,7.8163937400,62,172,3.2442
cruzju02,cruzj005,7.0075442100,34,88,3.4773
cruzrh01,cruzr001,3.4657413800,45,76,5.3289
cuetojo01,cuetj001,5.4886576300,201,616,2.9367
daleyma01,dalem002,5.1786437000,18,29,5.5862
danksjo01,dankj001,5.5104696800,277,573,4.3508
darviyu01,darvy001,8.4086636000,149,400,3.3525
davieky01,davik002,4.3173335600,155,244,5.7172
davisdo02,david002,5.6356268000,65,83,7.0482
daviswa01,daviw001,5.9437804400,266,557,4.2980
dedunsa01,dedus001,4.5157816000,87,192,4.0781
defraju01,defrj001,7.1971307100,25,60,3.7500
delabst01,delas001,10.4065406300,51,130,3.5308
delaceu01,delae001,7.5318566500,4,12,3.0000
delarda01,delad001,8.8236103300,38,83,4.1205
delarjo01,delaj001,5.4316372400,156,356,3.9438
delarru01,delar003,7.1706738200,34,71,4.3099
delcama01,delcm001,6.6837729100,29,52,5.0192
delgara01,delgr001,4.8310662100,111,242,4.1281
delosfa01,delof001,6.3148250700,17,36,4.2500
delroen01,delre001,3.5454821400,51,81,5.6667
dempsry01,dempr002,7.4968410700,352,760,4.1684
desseel01,desse001,2.7005578300,12,46,2.3478
detwiro01,detwr001,5.8012264000,130,330,3.5455
devinjo01,devij001,8.2582774100,9,23,3.5217
diamosc01,diams001,2.5058362300,169,340,4.4735
dickera01,dickr001,5.1319716100,307,840,3.2893
diekmja01,diekj001,9.7377684400,23,65,3.1846
dillati01,dillt001,5.2065418000,31,64,4.3594
donnebr01,donnb001,5.9269810600,19,30,5.7000
doolise01,dools001,8.2902153900,40,116,3.1034
doteloc01,doteo001,8.5079536500,80,176,4.0909
doubrfe01,doubf001,6.2701791300,184,357,4.6387
downsda02,downd001,6.0429897500,27,55,4.4182
downssc01,downs001,7.3357643400,54,201,2.4179
duensbr01,duenb001,4.9491143600,221,460,4.3239
duffyda01,duffd001,8.3996542800,83,156,4.7885
dukeza01,dukez001,2.5823098800,166,277,5.3935
dumatph01,dumap001,5.9793930400,18,41,3.9512
dunnmi01,dunnm002,7.2898733400,72,191,3.3927
durbich01,durbc001,7.8394577600,108,212,4.5849
edginjo01,edgij001,7.1352577100,25,53,4.2453
elbersc01,elbes001,6.4987289100,18,65,2.4923
elyjo01,ely-j001,6.1986104500,73,114,5.7632
enrigba01,enrib001,8.7343518900,92,146,5.6712
eovalna01,eovan001,5.0725540200,111,258,3.8721
eppleco01,epplc001,5.5397726300,29,55,4.7455
escaled01,escae001,6.2571019900,50,99,4.5455
estrama01,estrm001,9.2394216300,165,368,4.0353
evelada01,eveld001,3.8478977400,68,114,5.3684
familje01,famij001,5.1825835500,13,22,5.3182
farnsky01,farnk001,4.5413328700,70,184,3.4239
felicpe01,felip002,4.7778050600,28,73,3.4521
felizne01,felin001,5.1429669500,55,173,2.8613
fickch01,fickc001,11.1191520000,12,24,4.5000
fienca01,fienc001,6.3480830000,38,97,3.5258
fiersmi01,fierm001,5.7429854400,71,149,4.2886
fifest01,fifes001,5.8278951300,33,84,3.5357
figaral01,figaa001,4.3014099000,45,87,4.6552
figuene01,figun001,8.0247980700,62,121,4.6116
fistedo01,fistd001,5.1948463900,293,754,3.4973
florera01,florr001,4.1542908700,11,30,3.3000
floydga01,floyg001,6.3695994400,273,571,4.3030
francfr01,franf001,7.4647311000,71,150,4.2600
francje01,franj003,4.1469675900,275,468,5.2885
frankry01,franr001,6.6093856200,51,92,4.9891
frasoja01,frasj002,6.9501290900,84,214,3.5327
freemsa01,frees001,7.8589096300,15,31,4.3548
friedch01,friec001,5.3739232500,58,84,6.2143
frierer01,friee001,11.1982535400,71,227,2.8150
fulchje01,fulcj001,5.0547329600,51,81,5.6667
furbuch01,furbc001,6.5106244900,93,195,4.2923
galarar01,galaa002,3.6490644700,118,210,5.0571
gallase01,galls001,8.0949869900,37,57,5.8421
gallayo01,gally001,5.9487228900,327,776,3.7925
garcich02,garcc002,10.6623636900,3,12,2.2500
garcifr02,garcf002,6.5046527200,241,490,4.4265
garcija01,garcj002,8.4810966900,54,218,2.2294
garcija02,garcj004,8.9084891200,201,533,3.3940
garlajo01,garlj001,4.9911375000,147,321,4.1215
garzama01,garzm001,5.7748176600,273,658,3.7340
gaudich01,gaudc001,7.6451945600,115,239,4.3305
gearrco01,gearc001,5.4819114800,33,69,4.3043
geedi01,gee-d001,5.3655280700,217,500,3.9060
germaju01,germj001,5.1945776700,71,113,5.6549
godfrgr01,godfg001,4.4084645900,26,44,5.3182
gomesbr01,gomeb001,6.8930775200,36,72,4.5000
gomezje01,gomej002,5.3595564400,149,285,4.7053
gonzaed01,gonze001,5.5768550500,31,44,6.3409
gonzagi01,gonzg003,6.6727979700,279,795,3.1585
gonzami02,gonzm001,8.7670875800,75,162,4.1667
gonzami03,gonzm003,4.0181434200,110,276,3.5870
gorzeto01,gorzt001,8.0759987000,169,396,3.8409
grabojo02,grabj002,3.7726608300,54,87,5.5862
grayje02,grayj002,3.1128034100,63,108,5.2500
greense01,grees004,7.2601828100,11,20,4.9500
gregelu01,gregl001,6.7385753000,84,270,2.8000
greggke01,gregk001,3.2965609600,100,222,4.0541
greinza01,greiz001,6.5680040800,309,779,3.5700
griffaj01,grifa002,5.3143687900,113,281,3.6192
grillja01,grilj001,13.0584035300,43,139,2.7842
grimmju01,grimj002,7.6610823700,79,112,6.3482
guerrja01,guerj002,5.4423242800,33,101,2.9406
guerrma02,guerm001,3.0748868300,80,190,3.7895
guthrje01,guthj001,4.3867886700,380,808,4.2327
gutieju01,gutij002,6.0937498000,69,129,4.8140
haegech01,haegc001,9.1910172700,28,30,8.4000
hagadni01,hagan001,7.0874010300,42,67,5.6418
hallaro01,hallr001,5.6191824800,254,701,3.2611
hamelco01,hamec001,6.9832114200,299,859,3.1327
hammeja01,hammj002,7.4995734700,307,604,4.5745
hanrajo01,hanrj001,11.0056471800,68,203,3.0148
hansoto01,hanst001,7.5736844100,258,579,4.0104
happja01,happj001,7.1463006500,250,479,4.6973
haranaa01,haraa001,5.7270250100,293,603,4.3731
harderi01,hardr001,8.0109702600,104,173,5.4104
harenda01,hared001,6.2688935700,359,817,3.9547
harrelu01,harrl002,3.1653654000,203,387,4.7209
harrima01,harrm001,5.1418747700,199,486,3.6852
harriwi02,harrw002,6.7750106900,33,69,4.3043
harvema01,harvm001,5.3959889500,63,237,2.3924
hatchch02,hatcc002,7.2365786100,27,32,7.5938
hawkila01,hawkl001,5.6240655800,68,175,3.4971
hawksbl01,hawkb001,2.9365669100,74,142,4.6901
hefneje01,hefnj001,5.2555866700,116,223,4.6816
heilmaa01,heila001,4.4123948100,63,107,5.2991
hellije01,hellj001,3.8507341300,237,576,3.7031
hendeji01,hendj001,10.0057253800,30,89,3.0337
hendrli01,hendl001,3.7588673500,105,155,6.0968
hendrma01,hendm001,3.1487707800,51,85,5.4000
henslcl01,hensc002,5.8852799200,83,191,3.9110
hernada01,hernd002,7.8066514100,114,278,3.6906
hernafe02,hernf002,7.8113759000,301,918,2.9510
hernali01,hernl003,3.2530141700,221,452,4.4004
hernape02,hernp001,4.3840455500,51,60,7.6500
herndda01,hernd003,3.4259856400,50,115,3.9130
herreda01,herrd001,5.7056219900,15,31,4.3548
herreke01,herrk001,6.3832535400,50,144,3.1250
herrmfr01,herrf001,4.7529782100,57,119,4.3109
hillsh01,hills003,8.8752283200,6,20,2.7000
hochelu01,hochl001,6.2964997300,291,555,4.7189
hoeyja02,hoeyj001,4.9789687900,15,24,5.6250
hoffmtr01,hofft001,4.7062361900,31,47,5.9362
hollade01,holld003,6.7194330500,285,643,3.9891
hollagr01,hollg001,11.7248237600,57,210,2.4429
hoovejj01,hoovj002,5.4440749100,28,96,2.6250
horstje01,horsj001,4.7437011300,27,72,3.3750
howeljp01,howej003,7.4040932300,52,142,3.2958
hudsoti01,hudst001,4.6522201300,279,753,3.3347
huffda01,huffd001,7.0280307500,111,192,5.2031
hughedu01,hughd001,5.3479819900,38,68,5.0294
hugheja02,hughj001,4.2217250700,46,118,3.5085
hugheph01,hughp001,4.6052249500,303,586,4.6536
humbeph01,humbp001,5.7230544300,199,340,5.2676
hunteto02,huntt002,6.0353071900,205,430,4.2907
igarary01,igarr001,6.8417479200,52,72,6.5000
isrinja01,isrij001,6.9414880400,42,91,4.1538
iwakuhi01,iwakh001,9.2461884900,109,344,2.8517
jacksed01,jacke001,6.3518211500,370,770,4.3247
jacksst01,jacks001,5.1844512800,11,11,9.0000
jakubch01,jakuc001,5.5453021500,48,72,6.0000
janseke01,jansk001,12.3901020900,52,220,2.1273
janssca01,jansc001,6.0853179300,75,238,2.8361
jeffrje01,jeffj001,5.3852864000,22,47,4.2128
jenksbo01,jenkb001,8.0356087700,37,67,4.9701
jennida01,jennd003,4.0908062800,21,59,3.2034
jepseke01,jepsk001,4.5833669900,70,150,4.2000
jimence01,jimec002,8.5272951300,11,22,4.5000
jimenub01,jimeu001,7.9303826500,342,767,4.0130
johnsji04,johnj010,4.1246952100,79,255,2.7882
johnsjo09,johnj009,6.4250715400,195,515,3.4078
jonesna01,jonen001,5.1146927300,55,149,3.3221
jurrjja01,jurrj001,4.3828746900,151,323,4.2074
kazmisc01,kazms001,7.8654627300,175,308,5.1136
kellesh01,kells001,6.2711507600,53,121,3.9421
kellyjo05,kellj001,6.7480223400,79,230,3.0913
kendrky01,kendk001,3.9259554900,300,634,4.2587
kenneia01,kenni001,6.9711763400,345,803,3.8667
kershcl01,kersc001,9.4468922000,237,899,2.3726
keuchda01,keucd001,5.2194814100,138,238,5.2185
kimbrcr01,kimbc001,14.7335417700,35,225,1.4000
kinnejo01,kinnj001,5.9235835600,27,48,5.0625
kintzbr01,kintb001,5.3329220600,42,113,3.3451
kirkmmi01,kirkm001,6.5907753700,58,100,5.2200
klubeco01,klubc001,6.5006311700,103,214,4.3318
kohnmi01,kohnm001,9.0536595800,37,85,3.9176
kontoge01,kontg001,5.6282123500,41,104,3.5481
kuoho01,kuo-h001,7.7415120000,35,86,3.6628
kurodhi01,kuroh001,6.4364247600,298,818,3.2787
lackejo01,lackj001,4.1512940100,293,563,4.6838
laffeaa01,laffa001,5.4945343200,112,219,4.6027
lannajo01,lannj001,3.2626104300,209,433,4.3441
latosma01,latom001,6.5958512400,290,797,3.2748
leagubr01,leagb001,3.4546994200,106,264,3.6136
leakemi01,leakm001,5.2525914900,300,675,4.0000
leblawa01,leblw001,3.9661981300,171,347,4.4352
lecursa01,lecus001,8.1806156300,94,242,3.4959
ledezwi01,ledew001,6.9990810800,25,25,9.0000
leecl02,lee-c003,7.0896813800,282,875,2.9006
lerewan01,lerea001,6.8717271200,25,26,8.6538
lerouch01,leroc001,5.2190399100,35,61,5.1639
lestejo01,lestj001,6.0339723600,348,816,3.8382
lewisco01,lewic001,7.3880319600,221,504,3.9464
lewisro01,lewir002,7.1206344500,19,23,7.4348
lidgebr01,lidgb001,8.5356097800,28,73,3.4521
lillyte01,lillt001,7.4562643000,193,455,3.8176
linceti01,linct001,6.5905106700,350,810,3.8889
lincobr01,lincb001,6.1707418400,114,217,4.7281
lindbjo01,lindj004,4.5614778600,56,130,3.8769
lindsma01,lindm001,4.3144614300,79,213,3.3380
linebsc01,lines001,6.5632189900,50,111,4.0541
liriafr01,lirif001,5.9741006700,300,641,4.2122
litscje01,litsj001,4.2105665900,67,120,5.0250
lockeje01,lockj001,4.2609442000,98,216,4.0833
loeka01,loe-k001,3.9107587800,102,223,4.1166
loganbo02,logab001,8.6561088600,66,174,3.4138
lohseky01,lohsk001,6.6513215900,279,688,3.6497
lopezja02,lopej002,6.2715151700,49,184,2.3967
lopezro01,loper001,4.2596219500,163,302,4.8576
lopezwi01,lopew001,5.2369672900,94,277,3.0542
loupaa01,loupa001,3.4569772100,28,99,2.5455
lowede01,lowed001,4.7226135000,285,535,4.7944
lowema01,lowem002,4.6759157700,54,108,4.5000
luebkco01,luebc001,11.1654219700,68,187,3.2727
luekejo01,luekj001,7.2966416500,41,56,6.5893
luetglu01,luetl001,4.0249206000,38,77,4.4416
lylesjo01,lylej001,4.1856888800,224,376,5.3617
lynnla01,lynnl001,8.2692756500,175,411,3.8321
lyonbr01,lyonb003,5.7377855800,84,184,4.1087
macdomi01,macdm001,5.0782880900,33,80,3.7125
machije01,machj002,6.4587595400,19,58,2.9483
madsory01,madsr001,8.8022159000,31,112,2.4911
maholpa01,mahop002,5.0817237500,323,688,4.2253
mainejo01,mainj001,7.5019292800,37,46,7.2391
mainesc01,mains001,7.3829323900,29,44,5.9318
malonma02,malom001,5.0105249500,36,49,6.6122
marcush01,marcs001,5.4513068700,255,597,3.8442
marmoca01,marmc001,10.8323652000,100,254,3.5433
maronni01,maron001,9.0557047400,5,11,4.0909
marquja01,marqj001,4.3592293500,235,433,4.8845
marshse01,marss002,9.0699898300,60,219,2.4658
martevi01,martv002,4.6133963000,54,70,6.9429
marticr01,martc005,6.2169332400,77,177,3.9153
martijo07,martj004,5.4293059800,11,24,4.1250
masseni01,massn001,5.6890153600,58,146,3.5753
masteju01,mastj001,5.6726884800,358,794,4.0579
matsuda01,matsd001,6.3256318500,163,273,5.3736
matthry01,mattr001,3.3098311200,56,133,3.7895
mazzavi01,mazzv001,3.5784084300,135,266,4.5677
mcallza01,mcalz001,5.7408676600,127,276,4.1413
mccarbr01,mccab001,2.6605265400,171,416,3.6995
mccleky01,mcclk001,5.3345956000,104,243,3.8519
mcclemi01,mcclm001,3.0684688600,21,47,4.0213
mccutda01,mccud001,4.0779324300,83,151,4.9470
mcdonja03,mcdoj004,6.2809714600,211,441,4.3061
mcgeeja01,mcgej001,10.0603604200,55,150,3.3000
mcgowdu01,mcgod001,6.9588318700,22,45,4.4000
mchugco01,mchuc001,4.3856840200,47,45,9.4000
mcpheky01,mcphk001,18.0784585200,8,26,2.7692
mechegi01,mechg001,7.9827693300,39,61,5.7541
meekev01,meeke001,4.4559869100,36,111,2.9189
melanma01,melam001,5.0335969700,75,211,3.1991
mendolu01,mendl001,3.0414251400,146,277,4.7437
mijarjo01,mijaj001,6.9661366900,76,185,3.6973
mileywa01,milew001,5.0373972100,172,436,3.5505
millean01,milla002,7.2439998700,95,166,5.1506
milleji02,millj005,8.3781484200,19,56,3.0536
millesh01,mills001,5.4679441100,61,186,2.9516
milletr02,millt002,6.9096768700,25,54,4.1667
millwke01,millk004,4.2416592100,208,404,4.6337
milonto01,milot001,5.7869275600,162,371,3.9299
minormi01,minom001,6.1278423800,220,505,3.9208
mischpa01,miscp001,4.6149640100,24,43,5.0233
moehlbr01,moehb001,4.6619599700,31,56,4.9821
monasca01,monac001,4.2648243500,43,88,4.3977
moorema02,moorm003,8.0259504800,133,336,3.5625
moralfr01,moraf001,4.4179144900,84,174,4.3448
morribr01,morrb002,8.2155356600,26,70,3.3429
morrobr01,morrb001,8.0262286600,242,503,4.3300
mortecl01,mortc003,6.1807363600,61,136,4.0368
mortoch02,mortc002,4.1531503700,208,415,4.5108
moscogu01,moscg001,4.0450261800,101,207,4.3913
motagu01,motag001,4.9987359000,72,154,4.2078
motteja01,mottj001,9.4672600600,52,192,2.4375
moyerja01,moyej001,4.6114922200,94,164,5.1585
moylape01,moylp001,4.7978666800,36,91,3.5604
mujiced01,mujie001,7.0324831900,95,274,3.1204
myersbr01,myerb001,5.4260690000,228,523,3.9235
narvech01,narvc001,5.0608532400,180,337,4.8071
nathajo01,nathj001,6.9134084700,54,172,2.8256
neshepa01,neshp001,5.6202248800,34,92,3.3261
nicasju01,nicaj001,5.4234740100,157,285,4.9579
niemaje01,niemj001,5.5779351600,159,346,4.1358
niesejo01,niesj001,7.2592940800,289,663,3.9231
nievefe01,nievf001,6.3318239300,28,42,6.0000
nifu01,ni--f001,7.6486794600,17,23,6.6522
nippedu01,nippd001,9.4502736600,27,56,4.3393
noesihe01,noesh001,5.5754471300,117,189,5.5714
nolasri01,nolar001,4.8491978900,363,751,4.3502
norbejo01,norbj001,10.0258608400,35,77,4.0909
norribu01,norrb001,9.0796228800,331,682,4.3680
novaiv01,novai001,7.0201149800,232,516,4.0465
odayda01,odayd001,5.8807951800,56,206,2.4466
oflaher01,oflae001,9.4908958000,36,192,1.6875
ogandal01,ogana001,6.0385158900,132,380,3.1263
ohlenro01,ohler001,4.1972485000,148,254,5.2441
ohmanwi01,ohmaw001,8.7162407700,59,121,4.3884
okajihi01,okajh001,4.0763991000,28,58,4.3448
oliveda02,olivd001,6.4126629000,64,216,2.6667
olsensc01,olses001,4.0541899700,50,80,5.6250
olsonga01,olsog003,4.3492409300,24,41,5.2683
omogrbr01,omogb001,6.5676586900,23,37,5.5946
ondrulo01,ondrl001,4.7400209400,92,228,3.6316
ortizra01,ortir002,3.6581906300,56,87,5.7931
osullse01,osuls001,3.7825881100,109,164,5.9817
oswalro01,oswar001,4.5351542300,191,439,3.9157
oteroda01,oterd001,4.4374634000,14,51,2.4706
ottavad01,ottaa001,7.9907326000,84,178,4.2472
outmajo01,outmj001,10.4912501500,87,152,5.1513
owingmi01,owinm001,6.0535391100,48,105,4.1143
padilvi01,padiv001,7.8938954000,72,153,4.2353
palmema01,palmm001,3.0915988200,29,50,5.2200
papeljo01,papej001,13.0405023500,89,261,3.0690
parkch01,parkc002,5.5602845700,33,63,4.7143
parkebl01,parkb001,13.6628638500,18,52,3.1154
parkeja02,parkj001,5.2488361200,157,378,3.7381
parnebo01,parnb001,7.3727977000,66,210,2.8286
parrama01,parrm001,7.3139775000,118,224,4.7411
paterjo01,patej001,4.1510347100,23,38,5.4474
pattotr01,pattt001,3.8018005100,48,140,3.0857
pauleda01,pauld001,5.3435028000,79,179,3.9721
paulife01,paulf001,6.6976532400,128,266,4.3308
pavanca01,pavac001,4.6288293000,240,504,4.2857
peacobr01,peacb001,7.1663446100,49,95,4.6421
peavyja01,peavj001,4.7031847600,265,578,4.1263
pelfrmi01,pelfm001,4.9305765700,278,568,4.4049
penato03,penat003,4.8734803900,71,120,5.3250
pennybr01,pennb002,3.3449890600,146,263,4.9962
peraljo01,peraj002,8.8675097400,87,253,3.0949
peralwi01,peraw001,4.0492139700,97,212,4.1179
perezch01,perec002,8.2487369200,83,233,3.2060
perezju01,perej001,12.1951812700,19,43,3.9767
perezlu01,perel001,7.3186045200,56,110,4.5818
perezma02,perem004,5.4554082600,73,161,4.0807
perezol01,pereo002,6.7589229400,64,127,4.5354
perezra01,perer002,5.7025100700,46,130,3.1846
perkigl01,perkg001,7.1910863500,67,214,2.8178
perryry01,perrr001,5.5276094000,56,106,4.7547
pestavi01,pestv001,10.4035985700,54,172,2.8256
petityu01,petiy001,8.0265968800,21,52,3.6346
pettian01,petta001,6.6942460900,148,388,3.4330
phelpda01,pheld001,4.6265921200,85,185,4.1351
pinedmi01,pinem001,15.5371053700,71,170,3.7588
pineijo01,pinej001,3.5436366200,148,297,4.4848
pomerdr01,pomed001,5.0521561100,79,135,5.2667
porceri01,porcr001,3.0295657300,360,696,4.6552
priceda01,pricd001,6.0368075100,279,828,3.0326
proctsc01,procs001,9.1039654200,36,45,7.2000
pryorst01,pryos001,5.9050671700,10,23,3.9130
purceda01,purcd001,6.1771853000,41,90,4.1000
putzjj01,putzj001,9.2015305900,57,200,2.5650
quallch01,qualc001,4.4814760700,126,245,4.6286
quintjo01,quinj001,5.8705095000,135,336,3.6161
raleybr01,raleb001,6.3694671400,30,38,7.1053
ramirel02,ramie005,6.7329624300,13,21,5.5714
ramirer02,ramie004,3.7031026100,62,130,4.2923
ramirra02,ramir003,5.2624440200,80,204,3.5294
ramosaj01,ramoa001,8.9845164300,32,88,3.2727
ramosce01,ramoc001,6.1118935300,68,148,4.1351
rauchjo01,raucj001,7.0886532300,85,181,4.2265
raych01,ray-c001,3.1100617000,40,86,4.1860
reedad01,reeda001,5.3927318900,62,132,4.2273
resopch01,resoc001,6.1723698500,87,181,4.3260
reyesde01,reyed001,4.9808737000,18,39,4.1538
reyesjo03,reyej003,7.7481606400,96,142,6.0845
reynoma02,reynm002,6.3831542600,61,152,3.6118
rhodear01,rhoda001,7.8836150100,31,87,3.2069
richacl01,richc002,2.9265531300,265,570,4.1842
richaga01,richg002,5.1807952700,113,228,4.4605
riverma01,rivem002,7.1444548400,42,192,1.9688
roberda08,robed002,12.7831088600,67,253,2.3834
roberty01,robet001,8.3807767900,16,25,5.7600
rodnefe01,rodnf001,8.1949057800,78,239,2.9372
rodrife02,rodrf004,8.4321388000,65,122,4.7951
rodrifr03,rodrf003,6.2072360700,84,245,3.0857
rodrihe03,rodrh002,4.1628137300,69,143,4.3427
rodrist02,rodrp001,8.9313865800,15,60,2.2500
rodriwa01,rodrw002,6.8303889300,263,651,3.6359
roenijo01,roenj001,3.7742235100,81,185,3.9405
rogeres01,rogee002,6.6133105500,228,367,5.5913
rogerma01,rogem001,12.9652693900,19,49,3.4898
romerjc01,romej001,3.9588179000,38,71,4.8169
romerri01,romer002,4.8087061300,285,620,4.1371
romose01,romos001,9.2300371700,51,224,2.0491
rosenbj01,roseb003,7.3093802700,27,44,5.5227
rosentr01,roset001,12.7382205800,29,97,2.6907
rossro01,rossr002,8.7944040400,37,126,2.6429
rossty01,rosst001,7.8512698300,132,272,4.3676
rowlary01,rowlr002,3.4582574100,82,109,6.7706
ruffich01,ruffc001,8.6446275200,17,25,6.1200
runzlda01,runzd001,9.6410232300,30,59,4.5763
rusinch01,rusic001,3.3849056300,50,95,4.7368
russead01,russa001,4.4064930300,18,47,3.4468
russeja02,russj003,5.5591474900,104,236,3.9661
rzepcma01,rzepm001,5.2395888800,91,200,4.0950
sabatcc01,sabac001,6.3122807500,350,883,3.5674
saitota01,saitt001,5.7798121400,32,92,3.1304
salasfe01,salaf001,7.0090369200,73,191,3.4398
salech01,salec001,7.2745523400,165,498,2.9819
samarje01,samaj001,7.4925913000,224,493,4.0892
sanabal01,sanaa001,7.2046546300,64,138,4.1739
sanchan01,sanca004,7.4722105300,293,768,3.4336
sanchbr01,sancb001,6.0038549300,50,130,3.4615
sanched01,sance001,6.5101078600,21,51,3.7059
sanchjo01,sancj002,7.2234612000,190,371,4.6092
sanitam01,sania001,4.8946444900,10,6,15.0000
santaer01,sante001,7.0513130800,361,838,3.8771
santajo01,santj003,4.8267727000,129,315,3.6857
santihe01,santh001,5.8906362300,85,219,3.4932
santose01,sants001,9.2007656400,52,144,3.2500
saundjo01,saunj001,4.0693012200,374,771,4.3658
saverjo01,savej001,7.2696566300,22,43,4.6047
schepta01,schet001,4.8026865700,32,108,2.6667
scherma01,schem001,9.8210783800,319,791,3.6296
schleda01,schld001,8.6483461300,33,72,4.1250
schwimi01,schwm002,9.3294338400,25,48,4.6875
shawbr01,shawb001,7.4887089500,58,161,3.2422
sheetbe01,sheeb001,5.4960787400,79,168,4.2321
sherrge01,sherg001,5.8420590400,43,73,5.3014
shielja02,shiej002,7.7746101600,364,906,3.6159
shielsc01,shies002,8.4856183200,27,46,5.2826
simonal01,simoa001,5.8745273200,136,311,3.9357
sippto01,sippt001,6.7250816500,97,216,4.0417
skaggty01,skagt001,3.6531596100,41,67,5.5075
slamaan01,slama001,22.5664253600,4,4,9.0000
slatedo01,slatd001,8.6104356400,26,68,3.4412
sloweke01,slowk001,3.8379002800,163,305,4.8098
smithgr02,smitg002,7.5079735700,27,39,6.2308
smithjo05,smitj002,6.1701456900,70,234,2.6923
smithjo06,smitj003,5.2837170000,34,61,5.0164
smylydr01,smyld001,6.5479826000,64,174,3.3103
snellia01,sneli001,3.4332743400,33,46,6.4565
sonnaan01,sonna001,4.4281937700,62,116,4.8103
soriajo01,sorij001,7.2032743800,50,148,3.0405
soriara01,sorir001,5.8662018900,70,234,2.6923
sosajo02,sosaj002,5.7829660200,19,36,4.7500
spencjo01,spenj001,9.4170016400,14,39,3.2308
stammcr01,stamc001,6.9529122200,122,307,3.5765
staufti01,staut001,4.7949461100,126,340,3.3353
stewaza01,stewz001,5.9090955100,78,101,6.9505
stokebr01,stokb001,6.5385911700,15,16,8.4375
storedr01,stord001,8.4971163700,84,221,3.4208
storemi01,storm001,9.6652963800,16,34,4.2353
straida01,strad003,6.2040856300,84,191,3.9581
strasst01,stras001,9.0561674900,143,434,2.9654
streehu01,streh001,8.5225769500,69,199,3.1206
stroppe01,strop001,7.1018354000,64,153,3.7647
stulter01,stule002,4.3257521100,129,313,3.7093
stutemi01,stutm001,9.7674360000,38,83,4.1205
suppaje01,suppj001,1.7303894400,75,130,5.1923
swarzan01,swara001,3.1298668900,134,293,4.1160
takahhi01,takah001,6.8180146300,108,242,4.0165
talbomi01,talbm001,2.6755264400,125,222,5.0676
tallebr01,tallb001,3.8013085400,69,89,6.9775
tateyyo01,tatey001,4.3484166000,39,61,5.7541
tazawju01,tazaj001,6.9260172700,33,115,2.5826
teafoev01,teafe001,3.7595694500,50,105,4.2857
teherju01,tehej001,6.0844937200,81,210,3.4714
tejedro01,tejer001,5.5592092100,29,68,3.8382
texeika01,texek001,4.6608680100,35,66,4.7727
thatcjo01,thatj001,8.1654663100,36,114,2.8421
thayeda01,thayd001,7.2583781100,56,134,3.7612
thomabr01,thomb001,4.6424541800,41,80,4.6125
thomaju01,thomj006,3.6870065200,16,20,7.2000
thompri03,thomr006,6.4870506200,25,75,3.0000
thornma01,thorm001,4.7976023000,83,226,3.3053
thornty01,thort001,9.3808205900,26,88,2.6591
tillmch01,tillc001,6.7138059100,186,406,4.1232
toddje01,toddj001,12.5243532200,5,6,7.5000
tollesh01,tolls002,9.7527252200,18,37,4.3784
torreal01,torra002,9.0086040200,14,64,1.9688
torreca01,torrc001,3.8106566200,77,152,4.5592
troncra01,tronr001,5.0559168500,58,106,4.9245
ueharko01,uehak001,9.3129854000,47,219,1.9315
valdece01,valdc003,4.2933829700,17,19,8.0526
valdejo01,valdj001,9.1578926400,17,26,5.8846
valdelu01,valdl001,3.4173262100,32,51,5.6471
valdera02,valdr002,8.1355007700,75,134,5.0373
valvejo01,valvj001,4.7296268300,80,223,3.2287
vargacl01,vargc001,9.6776885400,16,19,7.5789
vargaja01,vargj001,4.4285456400,336,760,3.9789
varvaan01,varva001,8.5889048100,45,116,3.4914
vasques01,vasqe001,4.8182222500,65,114,5.1316
vazquja01,vazqj001,5.3037469700,172,349,4.4355
vealdo01,veald001,7.2275486700,17,42,3.6429
ventejo01,ventj001,10.6237293800,57,229,2.2402
verasjo01,veraj001,8.1865609000,98,247,3.5709
verlaju01,verlj001,8.8358497800,305,931,2.9484
villabr02,villb002,3.8423715400,38,74,4.6216
villaca01,villc001,7.6371609200,191,411,4.1825
vinceni01,vincn001,8.6648755400,16,72,2.0000
vogelry01,voger001,5.7183208000,191,471,3.6497
volqued01,volqe001,5.5208843500,291,521,5.0269
volstch01,volsc001,4.0559949200,267,458,5.2467
wadeco01,wadec001,5.8528467400,37,78,4.2692
wagnebi02,wagnb001,16.4561052400,11,69,1.4348
wagnene01,wagnn001,5.3092087700,20,42,4.2857
wainwad01,waina001,7.3678240600,228,669,3.0673
wakefti01,waket001,3.2873163900,171,293,5.2526
waldejo01,waldj001,7.3653816800,57,160,3.2063
waldrky01,waldk001,3.2839896300,13,31,3.7742
waltepj01,waltp001,4.4848678800,89,134,5.9776
wangch01,wangc001,4.9879447500,75,120,5.6250
warread01,warra001,10.6723572700,35,78,4.0385
watsoto01,watst001,7.9853342800,57,165,3.1091
weaveje02,weavj003,6.4307555300,253,801,2.8427
webbry01,webbr001,4.4778350300,90,248,3.2661
weberth01,webet001,6.1941374600,8,19,3.7895
welleto01,wellt002,6.4160773100,37,58,5.7414
wellski01,wellk001,4.8279780600,19,37,4.6216
wellsra01,wellr001,5.7163200200,184,357,4.6387
westbja01,westj001,4.2658937900,327,674,4.3665
wheelda01,wheed001,7.6472348200,54,109,4.4587
whiteal01,whita001,4.3084515500,100,149,6.0403
wilheto01,wilht001,7.3363338400,61,169,3.2485
willido03,willd003,4.1162892500,83,140,5.3357
willije02,willj003,4.2896934800,174,350,4.4743
willira01,willr003,4.3466827600,21,32,5.9063
wilsobr01,wilsb001,8.7955629700,37,143,2.3287
wilsocj01,wilsc004,7.2075291400,315,841,3.3710
wilsoju10,wilsj004,7.4380400000,18,77,2.1039
wolfra02,wolfr001,5.5836781300,286,584,4.4075
wolfro01,wolfr002,4.7297666700,28,59,4.2712
woodbl01,woodb004,5.7509935700,57,118,4.3475
woodke02,woodk002,7.6678188700,43,104,3.7212
woodti01,woodt003,5.5189118100,22,34,5.8235
woodtr01,woodt004,6.4527818700,240,561,3.8503
worleva01,worlv001,6.6226217700,147,324,4.0833
wrighja01,wrigj001,4.3086838000,103,261,3.5517
wrighwe01,wrigw001,6.2161256800,64,149,3.8658
wuertmi01,wuerm001,7.6469279400,44,72,5.5000
youngch03,younc003,5.3044439900,60,157,3.4395
zagurmi01,zagum001,7.0466364600,45,52,7.7885
zambrca01,zambc001,5.0477454700,192,406,4.2562
zieglbr01,ziegb001,3.4627200800,73,257,2.5564
zimmejo02,zimmj003,7.0351992500,215,599,3.2304
zitoba01,zitob001,4.4773381300,297,569,4.6977
